{"distancia": 10.09, "ruta": [[41.62439, 2.69927], [41.62469, 2.70006], [41.62504, 2.70085], [41.6251, 2.70105], [41.62546, 2.70185], [41.62554, 2.70209], [41.62562, 2.70251], [41.6258, 2.7029], [41.62586, 2.70309], [41.62608, 2.70355], [41.6262, 2.70387], [41.62635, 2.70417], [41.62653, 2.70464], [41.62657, 2.70481], [41.62669, 2.70501], [41.62694, 2.70559], [41.62727, 2.70657], [41.62739, 2.70708], [41.62741, 2.7072], [41.62746, 2.70733], [41.62746, 2.70743], [41.62759, 2.70777], [41.62761, 2.70787], [41.62759, 2.70807], [41.62772, 2.70808], [41.62777, 2.70811], [41.6278, 2.70816], [41.62785, 2.70834], [41.62792, 2.70864], [41.62801, 2.70884], [41.62804, 2.70901], [41.62812, 2.70924], [41.62817, 2.70957], [41.62831, 2.71006], [41.62832, 2.71029], [41.62836, 2.7105], [41.62845, 2.71077], [41.62849, 2.71096], [41.62869, 2.71162], [41.62886, 2.71234], [41.62904, 2.71293], [41.62921, 2.71359], [41.62921, 2.71402], [41.62933, 2.71463], [41.62934, 2.71477], [41.62931, 2.71485], [41.62931, 2.71494], [41.62929, 2.71498], [41.6292, 2.71501], [41.629, 2.71515], [41.62897, 2.71521], [41.62894, 2.71539], [41.62916, 2.71651], [41.62917, 2.71665], [41.62924, 2.71688], [41.62931, 2.71733], [41.62932, 2.71747], [41.62929, 2.71783], [41.62944, 2.71833], [41.62946, 2.71846], [41.62952, 2.71869], [41.62956, 2.71876], [41.62965, 2.71885], [41.62989, 2.71925], [41.63001, 2.71943], [41.63026, 2.71989], [41.63031, 2.72005], [41.63049, 2.7203], [41.6308, 2.72066], [41.63112, 2.7211], [41.63122, 2.72118], [41.63147, 2.72154], [41.63182, 2.72199], [41.63204, 2.72222], [41.63214, 2.72235], [41.63216, 2.72241], [41.63256, 2.72284], [41.63338, 2.72387], [41.63358, 2.72405], [41.63402, 2.72465], [41.63414, 2.72487], [41.63418, 2.72501], [41.63447, 2.72549], [41.63459, 2.72571], [41.63469, 2.72596], [41.63507, 2.72662], [41.63519, 2.72688], [41.63526, 2.72707], [41.63547, 2.72752], [41.63566, 2.72805], [41.63587, 2.72848], [41.63596, 2.72873], [41.6361, 2.72895], [41.63616, 2.72917], [41.63629, 2.72953], [41.63631, 2.72954], [41.63636, 2.72951], [41.63657, 2.72931], [41.63675, 2.7292], [41.63681, 2.72913], [41.63686, 2.72913], [41.63689, 2.72917], [41.63713, 2.72982], [41.63726, 2.73025], [41.63735, 2.73046], [41.63754, 2.73096], [41.63766, 2.73121], [41.63769, 2.73133], [41.63788, 2.73177], [41.63804, 2.73226], [41.63815, 2.73251], [41.63816, 2.73267], [41.63824, 2.73278], [41.6383, 2.73291], [41.63832, 2.73305], [41.63847, 2.73344], [41.63848, 2.73353], [41.63872, 2.73409], [41.63877, 2.73429], [41.6389, 2.73456], [41.63895, 2.7346], [41.639, 2.73469], [41.63901, 2.73481], [41.63909, 2.73502], [41.63911, 2.73504], [41.63918, 2.73501], [41.63925, 2.73511], [41.63928, 2.73511], [41.6393, 2.73521], [41.63935, 2.73519], [41.63936, 2.73523], [41.63939, 2.73523], [41.6394, 2.73536], [41.63946, 2.73543], [41.63952, 2.73535], [41.63954, 2.73536], [41.63954, 2.73546], [41.63961, 2.73544], [41.63966, 2.73559], [41.6397, 2.73562], [41.63974, 2.73586], [41.63979, 2.73599], [41.63988, 2.73654], [41.63991, 2.73717], [41.63995, 2.7374], [41.6402, 2.73811], [41.64024, 2.73828], [41.64029, 2.73837], [41.64031, 2.73847], [41.6403, 2.73858], [41.64033, 2.73872], [41.64046, 2.73887], [41.64084, 2.74004], [41.64093, 2.74066], [41.64103, 2.74097], [41.64117, 2.74121], [41.64152, 2.74199], [41.64178, 2.74248], [41.64186, 2.74271], [41.64187, 2.74278], [41.64195, 2.743], [41.64229, 2.7437], [41.64238, 2.74399], [41.64249, 2.74423], [41.64259, 2.74459], [41.64279, 2.74495], [41.64285, 2.74516], [41.64286, 2.74526], [41.64295, 2.74543], [41.64305, 2.74576], [41.64311, 2.74589], [41.64321, 2.74627], [41.64331, 2.74654], [41.64359, 2.74715], [41.6436, 2.7472], [41.64355, 2.74739], [41.64355, 2.74746], [41.64362, 2.74766], [41.64371, 2.74774], [41.64381, 2.74776], [41.64395, 2.74765], [41.644, 2.74753], [41.644, 2.74732], [41.64399, 2.74727], [41.64381, 2.74715], [41.64362, 2.74707], [41.64348, 2.74687], [41.64344, 2.74676], [41.64341, 2.74663], [41.64327, 2.74634], [41.64315, 2.74601], [41.64305, 2.74571], [41.64302, 2.74553], [41.64292, 2.74534], [41.64289, 2.74517], [41.64262, 2.74459], [41.64244, 2.74405], [41.6421, 2.7432], [41.64197, 2.74293], [41.64178, 2.74242], [41.64143, 2.74175], [41.64131, 2.7414], [41.64112, 2.7411], [41.64101, 2.74082], [41.64095, 2.74062], [41.6409, 2.74026], [41.64082, 2.7399], [41.64059, 2.73918], [41.64046, 2.73886], [41.64033, 2.7387], [41.64027, 2.73848], [41.64027, 2.73838], [41.64018, 2.73802], [41.64, 2.73752], [41.63995, 2.73742], [41.63991, 2.73723], [41.6398, 2.73704], [41.63974, 2.73685], [41.63972, 2.73674], [41.6394, 2.73588], [41.63929, 2.73555], [41.6392, 2.7353], [41.63909, 2.7351], [41.63906, 2.735], [41.63897, 2.73482], [41.63887, 2.73453], [41.63885, 2.7344], [41.63878, 2.73431], [41.63867, 2.73404], [41.63866, 2.73395], [41.63854, 2.73366], [41.63855, 2.73364], [41.63851, 2.7335], [41.63847, 2.73339], [41.63847, 2.73329], [41.63844, 2.73313], [41.63838, 2.73306], [41.63831, 2.73304], [41.63826, 2.73292], [41.63821, 2.73274], [41.63818, 2.73268], [41.63817, 2.73258], [41.63811, 2.73245], [41.63808, 2.7323], [41.63805, 2.7323], [41.63801, 2.73223], [41.63801, 2.73213], [41.63797, 2.73207], [41.63794, 2.73196], [41.63793, 2.73182], [41.63783, 2.73168], [41.63775, 2.7315], [41.63768, 2.7314], [41.63763, 2.73136], [41.63764, 2.7313], [41.63755, 2.7312], [41.63749, 2.73103], [41.6374, 2.73092], [41.63734, 2.73053], [41.63734, 2.73039], [41.6373, 2.73022], [41.6369, 2.72928], [41.63678, 2.72885], [41.63665, 2.7285], [41.63663, 2.72842], [41.63652, 2.72816], [41.63642, 2.72783], [41.63629, 2.72759], [41.63616, 2.72719], [41.63588, 2.72651], [41.63587, 2.72636], [41.63584, 2.72624], [41.63564, 2.72587], [41.63546, 2.72546], [41.63516, 2.7249], [41.63509, 2.72478], [41.63502, 2.72472], [41.63492, 2.72453], [41.63476, 2.72441], [41.63465, 2.72425], [41.63462, 2.72423], [41.63461, 2.72415], [41.63458, 2.7241], [41.6345, 2.72406], [41.63448, 2.72405], [41.63447, 2.724], [41.63443, 2.72399], [41.63429, 2.72404], [41.6342, 2.72412], [41.63415, 2.72413], [41.6341, 2.7242], [41.63409, 2.72418], [41.63412, 2.72418], [41.63422, 2.72412], [41.6343, 2.72397], [41.63425, 2.72376], [41.63425, 2.72363], [41.6342, 2.72351], [41.63413, 2.72341], [41.63403, 2.72334], [41.63383, 2.72302], [41.63342, 2.72248], [41.63338, 2.72235], [41.6334, 2.72229], [41.63338, 2.72222], [41.63325, 2.72207], [41.63318, 2.72202], [41.63307, 2.7219], [41.63265, 2.72121], [41.63254, 2.72111], [41.63244, 2.72086], [41.63239, 2.72083], [41.63231, 2.72071], [41.63224, 2.72065], [41.63219, 2.72055], [41.63212, 2.72049], [41.63205, 2.72032], [41.63189, 2.72014], [41.63177, 2.7199], [41.63167, 2.71978], [41.63151, 2.71965], [41.63112, 2.7191], [41.63096, 2.71878], [41.63076, 2.71829], [41.63066, 2.71815], [41.63065, 2.71806], [41.63057, 2.71791], [41.63052, 2.71773], [41.63048, 2.71768], [41.63015, 2.71688], [41.6299, 2.71594], [41.62979, 2.71579], [41.62971, 2.71562], [41.62966, 2.71539], [41.62959, 2.71529], [41.62956, 2.7152], [41.62954, 2.71512], [41.62955, 2.71507], [41.62947, 2.71497], [41.6294, 2.71473], [41.62933, 2.71462], [41.62926, 2.71433], [41.62923, 2.71431], [41.62919, 2.71377], [41.6292, 2.71364], [41.62916, 2.71346], [41.62916, 2.71333], [41.62889, 2.71255], [41.62887, 2.71241], [41.62878, 2.71212], [41.62878, 2.71197], [41.62875, 2.71196], [41.62873, 2.7119], [41.62871, 2.71177], [41.62864, 2.71161], [41.62849, 2.71104], [41.62845, 2.71084], [41.62837, 2.71055], [41.62836, 2.71045], [41.62826, 2.71012], [41.62827, 2.71], [41.62809, 2.70929], [41.62809, 2.70919], [41.62806, 2.70914], [41.62803, 2.70901], [41.62791, 2.7087], [41.62783, 2.70838], [41.62776, 2.70822], [41.6277, 2.70816], [41.62759, 2.70782], [41.62739, 2.7071], [41.62727, 2.70655], [41.6271, 2.70608], [41.62708, 2.70597], [41.62703, 2.70586], [41.62696, 2.70562], [41.62681, 2.70526], [41.62662, 2.70485], [41.62644, 2.7044], [41.62612, 2.70366], [41.62607, 2.7035], [41.62593, 2.70325], [41.62592, 2.70317], [41.62579, 