{"distancia": 6.55, "desnivell_total": 4, "ruta": [[41.62231, 2.69451], [41.62225, 2.69437], [41.62219, 2.69405], [41.62196, 2.6934], [41.62187, 2.69276], [41.62179, 2.69245], [41.62157, 2.69185], [41.62142, 2.69152], [41.62126, 2.69091], [41.62123, 2.69071], [41.62108, 2.69022], [41.62105, 2.69], [41.62084, 2.6895], [41.62075, 2.68921], [41.62067, 2.68887], [41.62065, 2.68857], [41.62062, 2.68845], [41.62048, 2.68813], [41.62033, 2.68765], [41.62009, 2.68702], [41.62004, 2.6867], [41.61998, 2.68649], [41.6199, 2.68628], [41.61974, 2.68598], [41.6196, 2.68548], [41.61956, 2.68511], [41.61933, 2.68439], [41.61921, 2.68408], [41.61891, 2.68307], [41.6188, 2.68279], [41.6187, 2.68238], [41.6186, 2.68212], [41.61854, 2.68181], [41.61845, 2.68152], [41.61837, 2.68111], [41.61828, 2.68085], [41.61825, 2.6806], [41.61811, 2.68022], [41.6179, 2.67927], [41.61784, 2.67912], [41.61783, 2.679], [41.61784, 2.67892], [41.61783, 2.67878], [41.61774, 2.67826], [41.6174, 2.67687], [41.61726, 2.67621], [41.61715, 2.67594], [41.61702, 2.67536], [41.61691, 2.67498], [41.61685, 2.67487], [41.61665, 2.67479], [41.61658, 2.67474], [41.61652, 2.67468], [41.61647, 2.67457], [41.61609, 2.67329], [41.61598, 2.67309], [41.61592, 2.67281], [41.61553, 2.6716], [41.61545, 2.67125], [41.61533, 2.67082], [41.61518, 2.6704], [41.61502, 2.66982], [41.61487, 2.66938], [41.61466, 2.66883], [41.61463, 2.66878], [41.61459, 2.66847], [41.61462, 2.66826], [41.61461, 2.66794], [41.61454, 2.66746], [41.61441, 2.66681], [41.61446, 2.66663], [41.61444, 2.66652], [41.61437, 2.6663], [41.61431, 2.66618], [41.61409, 2.66547], [41.61397, 2.66523], [41.61383, 2.66481], [41.61374, 2.66438], [41.61364, 2.66418], [41.61344, 2.6636], [41.61331, 2.66311], [41.61331, 2.66301], [41.61335, 2.66319], [41.61351, 2.66367], [41.61357, 2.66402], [41.61356, 2.66405], [41.61368, 2.66437], [41.61391, 2.66508], [41.61414, 2.66565], [41.6142, 2.66588], [41.61442, 2.66653], [41.61443, 2.66665], [41.61438, 2.66676], [41.61438, 2.6668], [41.6145, 2.66729], [41.61453, 2.66768], [41.61462, 2.66819], [41.6146, 2.66851], [41.61464, 2.66878], [41.61502, 2.66981], [41.61515, 2.67036], [41.61528, 2.6707], [41.6154, 2.67116], [41.61549, 2.67142], [41.61554, 2.67164], [41.61572, 2.67222], [41.6158, 2.67242], [41.6159, 2.67284], [41.61597, 2.67302], [41.61608, 2.67345], [41.61627, 2.674], [41.61642, 2.67451], [41.61647, 2.6746], [41.61659, 2.67474], [41.61671, 2.67484], [41.61687, 2.67492], [41.61691, 2.67502], [41.61699, 2.67533], [41.61705, 2.67562], [41.61718, 2.67606], [41.61725, 2.67639], [41.61741, 2.67701], [41.61743, 2.67718], [41.61752, 2.67746], [41.61756, 2.67765], [41.61764, 2.67796], [41.61782, 2.67882], [41.61782, 2.67913], [41.61792, 2.67943], [41.61797, 2.67965], [41.61804, 2.67985], [41.6181, 2.6802], [41.61814, 2.68035], [41.61823, 2.68061], [41.61828, 2.68088], [41.6184, 2.68132], [41.61842, 2.68145], [41.61854, 2.68177], [41.6186, 2.68221], [41.61872, 2.68255], [41.61877, 2.68286], [41.61887, 2.68307], [41.61893, 2.68326], [41.61896, 2.68342], [41.61909, 2.68374], [41.61917, 2.68403], [41.61928, 2.68429], [41.61946, 2.68486], [41.61952, 2.68508], [41.61957, 2.68544], [41.61965, 2.68565], [41.61969, 2.68584], [41.61978, 2.6861], [41.61992, 2.68636], [41.61997, 2.68651], [41.62003, 2.68673], [41.62005, 2.68702], [41.62007, 2.68713], [41.62029, 2.68762], [41.62041, 2.6881], [41.62059, 2.68853], [41.62063, 2.68865], [41.62067, 2.68913], [41.62109, 2.69017], [41.62113, 2.69031], [41.62118, 2.69072], [41.62123, 2.69087], [41.62134, 2.69139], [41.62137, 2.69146], [41.62148, 2.69161], [41.62168, 2.69218], [41.62189, 2.69282], [41.62192, 2.69337], [41.622, 2.69357], [41.62207, 2.69387], [41.62218, 2.69413], [41.62236, 2.6946], [41.62243, 2.69502], [41.62263, 2.69545], [41.62271, 2.69559], [41.62277, 2.69577], [41.62289, 2.69601]], "etapes": [{"data": "14/04/2026", "nom": "Evening Run", "distancia": 6.55, "desnivell": 4}]}