{"distancia": 11.06, "desnivell_total": 93, "ruta": [[41.9246, 2.28954], [41.92451, 2.28998], [41.92443, 2.2902], [41.92432, 2.29037], [41.92416, 2.29055], [41.92398, 2.29083], [41.92386, 2.29096], [41.92382, 2.29106], [41.92372, 2.29119], [41.9235, 2.29136], [41.92333, 2.29144], [41.92303, 2.29161], [41.92295, 2.29164], [41.9227, 2.29179], [41.92258, 2.29183], [41.92242, 2.29192], [41.92216, 2.29208], [41.92204, 2.29219], [41.92197, 2.29231], [41.92184, 2.29262], [41.92165, 2.29328], [41.92156, 2.29351], [41.92148, 2.29367], [41.92133, 2.29384], [41.92104, 2.29407], [41.92078, 2.29422], [41.92041, 2.29462], [41.92034, 2.29468], [41.92008, 2.29483], [41.91989, 2.29487], [41.91959, 2.29484], [41.91927, 2.29486], [41.91917, 2.29489], [41.91908, 2.29497], [41.9188, 2.29533], [41.91865, 2.29548], [41.91836, 2.29572], [41.9183, 2.29581], [41.91827, 2.29592], [41.91833, 2.29615], [41.91831, 2.29631], [41.91823, 2.2965], [41.91794, 2.29706], [41.91781, 2.29741], [41.91773, 2.29755], [41.91758, 2.29762], [41.91746, 2.2976], [41.91737, 2.29763], [41.91727, 2.29771], [41.91718, 2.29775], [41.91712, 2.29786], [41.91707, 2.29791], [41.91703, 2.29797], [41.91687, 2.29808], [41.91681, 2.29809], [41.91671, 2.29808], [41.9166, 2.2981], [41.91641, 2.29819], [41.91617, 2.29835], [41.91597, 2.29858], [41.9157, 2.29878], [41.91561, 2.29884], [41.91555, 2.29894], [41.91552, 2.29909], [41.91552, 2.29923], [41.9156, 2.2994], [41.91558, 2.2995], [41.9156, 2.29967], [41.91555, 2.29996], [41.91547, 2.30008], [41.91527, 2.30029], [41.91503, 2.30045], [41.91487, 2.30052], [41.91474, 2.3006], [41.91463, 2.3006], [41.91458, 2.30059], [41.91437, 2.30044], [41.91429, 2.30044], [41.91419, 2.30049], [41.91414, 2.30062], [41.91411, 2.30077], [41.91411, 2.30091], [41.91401, 2.30122], [41.91401, 2.30139], [41.91395, 2.30155], [41.91391, 2.3016], [41.91372, 2.30146], [41.91357, 2.30131], [41.91324, 2.30087], [41.91309, 2.30064], [41.91296, 2.30048], [41.91279, 2.30033], [41.91273, 2.30026], [41.91254, 2.30012], [41.91247, 2.30004], [41.91237, 2.29995], [41.91193, 2.29921], [41.91188, 2.29908], [41.91172, 2.29877], [41.91173, 2.29866], [41.9118, 2.29849], [41.91185, 2.29822], [41.91196, 2.29741], [41.91207, 2.29679], [41.91209, 2.29674], [41.91219, 2.29658], [41.91222, 2.29654], [41.91221, 2.29652], [41.91226, 2.29645], [41.9122, 2.29643], [41.91211, 2.29659], [41.91204, 2.2968], [41.91202, 2.2971], [41.91199, 2.29721], [41.91198, 2.29721], [41.91195, 2.2974], [41.91198, 2.29729], [41.91199, 2.29711], [41.91205, 2.29696], [41.91206, 2.29685], [41.91215, 2.29661], [41.91246, 2.29614], [41.91255, 2.29603], [41.91279, 2.29561], [41.91323, 2.29466], [41.91334, 2.29432], [41.91337, 2.29427], [41.91342, 2.29425], [41.9135, 2.29425], [41.91363, 2.29429], [41.91368, 2.29432], [41.91376, 2.29445], [41.91379, 2.29456], [41.9138, 2.29466], [41.91368, 2.2951], [41.91368, 2.29517], [41.91375, 2.29525], [41.914, 2.29523], [41.91408, 2.29523], [41.91426, 2.29529], [41.91446, 2.29531], [41.91455, 2.29533], [41.91472, 2.29532], [41.91498, 2.29525], [41.91508, 2.29526], [41.91514, 2.29532], [41.9153, 2.29557], [41.91542, 2.29571], [41.91578, 2.29598], [41.91591, 2.29612], [41.91608, 2.29623], [41.91614, 2.2962], [41.91617, 2.2961], [41.91623, 2.29609], [41.91627, 2.29614], [41.91633, 2.29617], [41.9164, 2.29628], [41.91651, 2.29633], [41.91658, 2.2964], [41.91661, 2.29641], [41.91664, 2.29646], [41.91665, 2.29645], [41.91667, 2.29654], [41.91672, 2.29661], [41.91675, 2.2966], [41.91678, 2.29658], [41.91677, 2.2966], [41.91687, 2.29666], [41.91693, 2.29662], [41.917, 2.29678], [41.91705, 2.29684], [41.91711, 2.29687], [41.91722, 2.29687], [41.91731, 2.2969], [41.91738, 2.29701], [41.91741, 2.29735], [41.91746, 2.29753], [41.91751, 2.29759], [41.91757, 2.2976], [41.91764, 2.29759], [41.91772, 2.29753], [41.91776, 2.29747], [41.91791, 2.29708], [41.9182, 2.29651], [41.91829, 2.2963], [41.91832, 2.29615], [41.91828, 2.29591], [41.91828, 2.29584], [41.91832, 2.29575], [41.91849, 2.29557], [41.91872, 2.29537], [41.91889, 2.29515], [41.91894, 2.29504], [41.91922, 2.29485], [41.9193, 2.29482], [41.91968, 2.29479], [41.91985, 2.29484], [41.9201, 2.29479], [41.92025, 2.29471], [41.92065, 2.2943], [41.92116, 2.2939], [41.92129, 2.29381], [41.92143, 2.29368], [41.92153, 2.29344], [41.92165, 2.29304], [41.92178, 2.29278], [41.9219, 2.2924], [41.92197, 2.29227], [41.92208, 2.29214], [41.92234, 2.29197], [41.9225, 2.2919], [41.923, 2.2916], [41.92358, 2.29128], [41.62231, 2.69451], [41.62225, 2.69437], [41.62219, 2.69405], [41.62196, 2.6934], [41.62187, 2.69276], [41.62179, 2.69245], [41.62157, 2.69185], [41.62142, 2.69152], [41.62126, 2.69091], [41.62123, 2.69071], [41.62108, 2.69022], [41.62105, 2.69], [41.62084, 2.6895], [41.62075, 2.68921], [41.62067, 2.68887], [41.62065, 2.68857], [41.62062, 2.68845], [41.62048, 2.68813], [41.62033, 2.68765], [41.62009, 2.68702], [41.62004, 2.6867], [41.61998, 2.68649], [41.6199, 2.68628], [41.61974, 2.68598], [41.6196, 2.68548], [41.61956, 2.68511], [41.61933, 2.68439], [41.61921, 2.68408], [41.61891, 2.68307], [41.6188, 2.68279], [41.6187, 2.68238], [41.6186, 2.68212], [41.61854, 2.68181], [41.61845, 2.68152], [41.61837, 2.68111], [41.61828, 2.68085], [41.61825, 2.6806], [41.61811, 2.68022], [41.6179, 2.67927], [41.61784, 2.67912], [41.61783, 2.679], [41.61784, 2.67892], [41.61783, 2.67878], [41.61774, 2.67826], [41.6174, 2.67687], [41.61726, 2.67621], [41.61715, 2.67594], [41.61702, 2.67536], [41.61691, 2.67498], [41.61685, 2.67487], [41.61665, 2.67479], [41.61658, 2.67474], [41.61652, 2.67468], [41.61647, 2.67457], [41.61609, 2.67329], [41.61598, 2.67309], [41.61592, 2.67281], [41.61553, 2.6716], [41.61545, 2.67125], [41.61533, 2.67082], [41.61518, 2.6704], [41.61502, 2.66982], [41.61487, 2.66938], [41.61466, 2.66883], [41.61463, 2.66878], [41.61459, 2.66847], [41.61462, 2.66826], [41.61461, 2.66794], [41.61454, 2.66746], [41.61441, 2.66681], [41.61446, 2.66663], [41.61444, 2.66652], [41.61437, 2.6663], [41.61431, 2.66618], [41.61409, 2.66547], [41.61397, 2.66523], [41.61383, 2.66481], [41.61374, 2.66438], [41.61364, 2.66418], [41.61344, 2.6636], [41.61331, 2.66311], [41.61331, 2.66301], [41.61335, 2.66319], [41.61351, 2.66367], [41.61357, 2.66402], [41.61356, 2.66405], [41.61368, 2.66437], [41.61391, 2.66508], [41.61414, 2.66565], [41.6142, 2.66588], [41.61442, 2.66653], [41.61443, 2.66665], [41.61438, 2.66676], [41.61438, 2.6668], [41.6145, 2.66729], [41.61453, 2.66768], [41.61462, 2.66819], [41.6146, 2.66851], [41.61464, 2.66878], [41.61502, 2.66981], [41.61515, 2.67036], [41.61528, 2.6707], [41.6154, 2.67116], [41.61549, 2.67142], [41.61554, 2.67164], [41.61572, 2.67222], [41.6158, 2.67242], [41.6159, 2.67284], [41.61597, 2.67302], [41.61608, 2.67345], [41.61627, 2.674], [41.61642, 2.67451], [41.61647, 2.6746], [41.61659, 2.67474], [41.61671, 2.67484], [41.61687, 2.67492], [41.61691, 2.67502], [41.61699, 2.67533], [41.61705, 2.67562], [41.61718, 2.67606], [41.61725, 2.67639], [41.61741, 2.67701], [41.61743, 2.67718], [41.61752, 2.67746], [41.61756, 2.67765], [41.61764, 2.67796], [41.61782, 2.67882], [41.61782, 2.67913], [41.61792, 2.67943], [41.61797, 2.67965], [41.61804, 2.67985], [41.6181, 2.6802], [41.61814, 2.68035], [41.61823, 2.68061], [41.61828, 2.68088], [41.6184, 2.68132], [41.61842, 2.68145], [41.61854, 2.68177], [41.6186, 2.68221], [41.61872, 2.68255], [41.61877, 2.68286], [41.61887, 2.68307], [41.61893, 2.68326], [41.61896, 2.68342], [41.61909, 2.68374], [41.61917, 2.68403], [41.61928, 2.68429], [41.61946, 2.68486], [41.61952, 2.68508], [41.61957, 2.68544], [41.61965, 2.68565], [41.61969, 2.68584], [41.61978, 2.6861], [41.61992, 2.68636], [41.61997, 2.68651], [41.62003, 2.68673], [41.62005, 2.68702], [41.62007, 2.68713], [41.62029, 2.68762], [41.62041, 2.6881], [41.62059, 2.68853], [41.62063, 2.68865], [41.62067, 2.68913], [41.62109, 2.69017], [41.62113, 2.69031], [41.62118, 2.69072], [41.62123, 2.69087], [41.62134, 2.69139], [41.62137, 2.69146], [41.62148, 